n,organisation,segment,country,city,phone,email,website,instagram,rating,reviews,priority,pitch,status,notes
1,Blue Ocean Academy,Training centre,UAE,Dubai,+971 4 314 8500,info@blueoceanacademy.com,https://blueoceanacademy.com,https://instagram.com/blueoceanduba,4.7,"12,581",High,"Replace WhatsApp/Drive video sharing: private courses, progress tracking, auto certificates (EN/AR RTL UI)",New,
2,British Council UAE,Language school,UAE,Dubai,+971 600 529995,information@ae.britishcouncil.org,https://britishcouncil.ae,https://instagram.com/britishcouncilua,4.6,"3,909",High,"Self-paced video lessons per level, EN/AR interface, level- completion certificates",New,
3,Edoxi Training Institute,Training centre,UAE,Dubai,+971 4 380 1666,info@edoxi.com,https://edoxi.com/dubai,https://instagram.com/edoxi dubai,4.8,"3,037",High,"Replace WhatsApp/Drive video sharing: private courses, progress tracking, auto certificates (EN/AR RTL UI)",New,
4,Business Management Training Centre,Training centre,Qatar,Doha,+974 3372 8957,admin@bmtcconsult.com,https://bmtcconsulting.com,,5.0,"2,838",High,"Replace WhatsApp/Drive video sharing: private courses, progress tracking, auto certificates (EN/AR RTL Ul)",New,
5,HSEI Middle East Safety Training,Corporate / certification,UAE,Dubai,+971 56 548 3720,info@hsei.ae,https://hsei.ae,,4.9,"2,273",High,Staff/client compliance training portal: completion tracking and branded certificates for audits,New,
6,Excellence Training Centre Qatar,Training centre,Qatar,Doha,+974 4436 0225,info@excellence.qa,https://excellence.qa,https://instagram.com/excellence doh,4.8,"1,351",High,"Replace WhatsApp/Drive video sharing: private courses, progress tracking, auto certificates (EN/AR RTL Ul)",New,
7,Green International Qatar,Training centre,Qatar,Doha,+974 5104 7648,training@greenintl.net,https://greeninternational.online,,4.9,"1,217",High,"Replace WhatsApp/Drive video sharing: private courses, progress tracking, auto certificates (EN/AR RTL UI)",New,
8,Spoton Training Institute,Training centre,UAE,Dubai,+971 4 250 6344,info@spotoninstitute.com,https://spotoninstitute.com,https://instagram.com/spotondxb,4.7,"1,004",High,"Replace WhatsApp/Drive video sharing: private courses, progress tracking, auto certificates (EN/AR RTL UI)",New,
9,Spearhead Training Group,Training centre,UAE,Dubai,+971 4 336 2552,info@spearhead-training.com,https://spearhead-training.com,https://instagram.com/spearheadgulf,4.9,932,High,"Replace WhatsApp/Drive video sharing: private courses, progress tracking, auto certificates (EN/AR RTL UI)",New,
10,ICON Training Centre,Training centre,Qatar,Doha,+974 4029 0244,info@icontrainingcentre.qa,https://icontrainingcentre.qa,https://instagram.com/icontrainingcen,4.7,863,High,"Replace WhatsApp/Drive video sharing: private courses, progress tracking, auto certificates (EN/AR RTL UI)",New,
11,Al Bateen Marine Training Institute,Training centre,UAE,Dubai,+971 50 963 3322,info@bmti.ae,https://bmti.ae,https://instagram.com/albateenmarine,5.0,806,High,"Replace WhatsApp/Drive video sharing: private courses, progress tracking, auto certificates (EN/AR RTL UI)",New,
12,Career Education Dubai,Training centre,UAE,Dubai,+971 4 323 4798,info@careereducations.com,https://careereducations.com,https://instagram.com/career educa,4.7,745,High,"Replace WhatsApp/Drive video sharing: private courses, progress tracking, auto certificates (EN/AR RTL UI)",New,
13,NLP Tech,Training centre,UAE,Dubai,+971 56 430 8089,info@nlptechforma.com,https://nlptechforma.com,https://instagram.com/technlp,4.8,722,High,"Replace WhatsApp/Drive video sharing: private courses,",New,
14,Arabian Infotech Training Institute,Training centre,Qatar,Doha,+974 4455 3138,contact@arabianinfotech.qa,https://arabianinfotech.qa,https://instagram.com/arabianinfotech,4.9,676,High,"Replace WhatsApp/Drive video sharing: private courses, progress tracking, auto certificates (EN/AR RTL UI)",New,
15,International Aviation Technical College,Training centre,Saudi Arabia,Riyadh,+966 11 510 4700,admissions@iatc.edu.sa,https://iatc.edu.sa,https://instagram.com/iatc ruh,,628,High,"Replace WhatsApp/Drive video sharing: private courses, progress tracking, auto certificates (EN/AR RTL UI)",New,
16,Rolla Academy Dubai,Online / tech academy,UAE,Dubai,+971 50 780 1081,hello@rollaacademydubai.com,https://rollaacademydubai.com,,4.8,613,High,White-label alternative: signed private playback + per-viewer watermark to protect paid content,New,
17,Inspire Management Training Centre,Training centre,Qatar,Doha,+974 5051 0222,info@inspire.qa,https://inspire.qa,https://instagram.com/inspiretrainingc,4.8,588,High,"Replace WhatsApp/Drive video sharing: private courses, progress tracking, auto certificates (EN/AR RTL UI)",New,
18,HighQ Training Center,Training centre,UAE,Abu Dhabi,+971 2 550 6550,info@highqtraining.com,https://highqtraining.com,,4.8,504,High,"Replace WhatsApp/Drive video sharing: private courses, progress tracking, auto certificates (EN/AR RTL Ul)",New,
19,Score Plus Education Qatar,Training centre,Qatar,Doha,+974 4436 8580,infoqatar@scorepluseducation.com,https://princetonreviewme.com,,4.9,470,High,"Replace WhatsApp/Drive video sharing: private courses, progress tracking, auto certificates (EN/AR RTL UI)",New,
20,Ace it Training,Training centre,UAE,Dubai,+971 4 385 2555,enquiry@aceit-training.com,https://aceit-training.com,https://instagram.com/aceittraining,4.8,466,High,"Replace WhatsApp/Drive video sharing: private courses, progress tracking, auto certificates (EN/AR RTL UI)",New,
21,National Academy Dubai,Training centre,UAE,Dubai,+971 4 334 9545,helbana@naisedu.com,https://naisedu.com,,4.7,449,High,"Replace WhatsApp/Drive video sharing: private courses, progress tracking, auto certificates (EN/AR RTL Ul)",New,
22,Laurels Training Institute,Training centre,UAE,Dubai,+971 4 396 9124,info@laurelsinstitute.com,https://laurelsinstitute.com,https://instagram.com/laurelstraining,4.9,438,High,"Replace WhatsApp/Drive video sharing: private courses, progress tracking, auto certificates (EN/AR RTL UI)",New,
23,Edoxi Training Center Qatar,Training centre,Qatar,Doha,+974 6687 3399,info.qa@edoxi.com,https://edoxi.com/gatar,https://instagram.com/edoxi gatar https://instagram.com/edoxi _gatar,4.9,406,High,"Replace WhatsApp/Drive video sharing: private courses, progress tracking, auto certificates (EN/AR RTL UI)",New,
24,Hablando - Spanish Classes,Language school,UAE,Dubai,+971 52 766 7527,contact@hablandodubai.com,https://hablandodubai.com,https://instagram.com/hablandodubai,4.9,400,High,"Self-paced video lessons per level, EN/AR interface, level- completion certificates",New,
25,Edutech Consultancy,Training centre,Qatar,Doha,+974 3330 6820,info@edutechconsultancy.com,https://edutechconsultancy.com,https://instagram.com/edutechctq https://instagram.com/edutechctg,4.7,400,High,"Replace WhatsApp/Drive video sharing: private courses,",New,
26,Level Up Knowledge,Language school,UAE,Dubai,+971 56 579 7907,info@levelupknowledge.com,https://levelupknowledge.com,https://instagram.com/level up know,4.8,354,High,"Self-paced video lessons per level, EN/AR interface, level- completion certificates",New,
27,Team Academy Training & Certification,Corporate / certification,Qatar,Doha,+974 7079 7089,info@teamacademy.qa,https://teamacademy.qa,https://instagram.com/iointeamacadel,4.9,331,High,Staff/client compliance training portal: completion tracking and branded certificates for audits,New,
28,FilBrit Training Centre,Training centre,UAE,Dubai,+971 4 221 0160,info@filbrittrainingcentre.ae,https://filbrittrainingcentre.ae,https://instagram.com/filbrittrainingcel,4.8,305,High,"Replace WhatsApp/Drive video sharing: private courses, progress tracking, auto certificates (EN/AR RTL UI)",New,
29,Academy of Sciences,Training centre,Saudi Arabia,Riyadh,+966 55 333 1853,info@aos-ksa.com,https://aos-ksa.com,https://instagram.com/aos _ksa,4.7,295,High,"Replace WhatsApp/Drive video sharing: private courses, progress tracking, auto certificates (EN/AR RTL UI)",New,
30,Express English Language Institute,Language school,UAE,Dubai,+971 4 323 8582,info@expressenglish.ae,https://expressenglish.ae,,4.8,277,High,"Self-paced video lessons per level, EN/AR interface, level- completion certificates",New,
31,Bsight Consulting & Training,Corporate / certification,Qatar,Doha,+974 7786 8658,info@bsight.org,https://bsight.org,https://instagram.com/bsight_consulti,4.9,273,High,Staff/client compliance training portal: completion tracking and branded certificates for audits,New,
32,ACAMIND Academy,Training centre,UAE,Dubai,+971 52 100 0655,training@acamind.ae,https://acamind.ae,https://instagram.com/acamind.ae,4.9,263,High,"Replace WhatsApp/Drive video sharing: private courses, progress tracking, auto certificates (EN/AR RTL UI)",New,
33,Red Rock International Qatar,Corporate / certification,Qatar,Doha,+974 4464 2249,qatar@redrockinternational.com,https://redrockinternational.com/qa,https://instagram.com/redrockgatar,4.9,245,High,Staff/client compliance training portal: completion tracking and branded certificates for audits,New,
34,Highline Training & Education,Language school,UAE,Dubai,+971 4 344 8060,info@highlineinstitute.com,https://highlineinstitute.com,,4.6,242,High,"Self-paced video lessons per level, EN/AR interface, level- completion certificates",New,
35,Learnovate Training Centre Qatar,Training centre,Qatar,Doha,+974 3103 3838,inquiry@learnovateqa.com,https://learnovateqa.com,https://instagram.com/learnovategata,4.7,221,High,"Replace WhatsApp/Drive video sharing: private courses, progress tracking, auto certificates (EN/AR RTL Ul) progress tracking, auto certificates (EN/AR RTL UI)",New,
36,EBH Academy,Training centre,UAE,Dubai,+971 56 390 0330,support@ebhacademy.com,https://ebhacademy.com,https://instagram.com/ebhacademy,5.0,216,High,"Replace WhatsApp/Drive video sharing: private courses, progress tracking, auto certificates (EN/AR RTL Ul)",New,
37,National Quality Training Center,Corporate / certification,UAE,Abu Dhabi,+971 56 406 3688,sales@nqtc-jm.com,https://nqtc-jm.com,https://instagram.com/nqtc_auh,4.7,211,High,Staff/client compliance training portal: completion tracking and andad,New,
38,The Art of Language Institute,Language school,Saudi Arabia,Riyadh,+966 55 848 0849,lang.art15@gmail.com,https://artoflang.net,https://instagram.com/artoflang,4.5,196,High,"Self-paced video lessons per level, EN/AR interface, level- completion certificates",New,
39,London Education Centre,Language school,Qatar,Doha,+974 7064 3300,info@lec.qa,https://lec.qa,https://instagram.com/lec.qa,4.7,190,High,"Self-paced video lessons per level, EN/AR interface, level- completion certificates",New,
40,Alliance Francaise Dubai,Language school,UAE,Dubai,+971 4 335 8712,info@afdubai.org,https://afdubai.org,https://instagram.com/alliancefrancais,4.4,184,High,"Self-paced video lessons per level, EN/AR interface, level- completion certificates",New,
41,Career Lab Consultancy & Training,Training centre,UAE,Abu Dhabi,+971 2 553 1900,info@careerlab.ae,https://careerlab.ae,https://instagram.com/careerlab.ae,4.5,183,High,"Replace WhatsApp/Drive video sharing: private courses, progress tracking, auto certificates (EN/AR RTL Ul)",New,
42,Atlas Educational Institute,Training centre,UAE,Dubai,+971 4 337 3001,info@agiuae.com,https://atlasdubai.agiuae.com,https://instagram.com/agiuae,4.2,179,High,"Replace WhatsApp/Drive video sharing: private courses, progress tracking, auto certificates (EN/AR RTL Ul)",New,
43,Qatar International Safety Centre,Corporate / certification,Qatar,Doha,+974 4450 1272,training@madinagulf.com,https://qisc.net,https://instagram.com/qisc,4.6,178,High,Staff/client compliance training portal: completion tracking and branded certificates for audits,New,
44,Goethe-lnstitut Gulf Region,Language school,UAE,Dubai,+971 4 325 9865,language-gulfregion@goethe.de,https://goethe.de/ins/ae,https://instagram.com/goethegulf,4.0,173,High,"Self-paced video lessons per level, EN/AR interface, level- completion certificates",New,
45,Vinsys Arabia (Corporate Training),Corporate / certification,Saudi Arabia,Riyadh,+966 11 247 4012,training.sa@vinsys.com,https://vinsys.com/training/sa,,4.5,154,High,Staff/client compliance training portal: completion tracking and branded certificates for audits,New,
46,The Arabic Language Centre,Language school,UAE,Dubai,+971 4 331 5600,info@arabiclanguagecentre.com,https://arabiclanguagecentre.com,https://instagram.com/arabiclanguage,4.9,145,High,"Self-paced video lessons per level, EN/AR interface, level- completion certificates",New,
47,Innovative OHS Training,Corporate / certification,UAE,Dubai,+971 4 329 5355,info@innovatehse.com,https://innovatehse.com,https://instagram.com/innovate ohs https://instagram.com/innovate_ohs,4.8,133,High,Staff/client compliance training portal: completion tracking and branded certificates for audits,New,
48,PNU English Language Institute,Public institution,Saudi Arabia,Riyadh,+966 11 822 1659,eli@pnu.edu.sa,https://pnu.edu.sa,https://instagram.com/ PNU KSA,4.0,128,High,Branded e-learning portal with admin analytics and category certificates,New,
49,National Academy of Higher Training (NAHT),Training centre,Saudi Arabia,Riyadh,+966 11 209 3090,info@naht.sa,https://naht.sa,https://instagram.com/naht saudi,3.7,126,High,"Replace WhatsApp/Drive video sharing: private courses,",New,
50,Inter-Academy Higher Training Institute,Training centre,Saudi Arabia,Riyadh,+966 9200 00964,info@inter-academy.com,https://inter-academy.com,https://instagram.com/inter_academy,4.2,125,High,"Replace WhatsApp/Drive video sharing: private courses, progress tracking, auto certificates (EN/AR RTL UI)",New,
51,IDK The Institute for Training,Training centre,UAE,Abu Dhabi,+971 54 221 4583,info@idkedu.com,https://idkedu.com,,5.0,124,High,"Replace WhatsApp/Drive video sharing: private courses, progress tracking, auto certificates (EN/AR RTL UI)",New,
52,Meridian Academy Middle East,Training centre,UAE,Dubai,+971 4 445 7719,info@meridianacademics.com,https://meridianacademics.com,https://instagram.com/meridianacade,4.4,107,High,"Replace WhatsApp/Drive video sharing: private courses, progress tracking, auto certificates (EN/AR RTL UI)",New,
53,Qatar Skills Training Centre,Training centre,Qatar,Doha,+974 4416 1622,info@qatarskills.com.qa,https://gatarskills.com.qa,https://instagram.com/qtr.skills,4.5,104,High,"Replace WhatsApp/Drive video sharing: private courses, progress tracking, auto certificates (EN/AR RTL Ul)",New,
54,TRIDY,Training centre,Qatar,Doha,+974 4422 9111,info@tridy.qa,https://tridy.qa,,4.9,102,High,"Replace WhatsApp/Drive video sharing: private courses, progress tracking, auto certificates (EN/AR RTL UI)",New,
55,Learn Arabic With Nour,Online / tech academy,Saudi Arabia,Riyadh,+966 54 185 4525,info@learnarabicwithnour.com,https://earnarabicwithnour.com,,4.7,99,High,White-label alternative: signed private playback + per-viewer watermark to protect paid content,New,
56,PhysicsWallah Gulf (Mussafah),Online / tech academy,UAE,Abu Dhabi,+971 54 531 5546,support@pwgulf.com,https://pwgulf.com,https://instagram.com/pwgulf,4.8,92,High,White-label alternative: signed private playback + per-viewer watermark to protect paid content,New,
57,Active Business Solutions (ISO),Corporate / certification,Saudi Arabia,Riyadh,+966 11 520 5405,info@absiso.com,https://absiso.com,https://instagram.com/absisoksa,5.0,83,High,Staff/client compliance training portal: completion tracking and branded certificates for audits,New,
58,Expert Consultancy Services (ISO),Corporate / certification,Qatar,Doha,+974 4435 7750,sales@ecs.qa,https://ecs.qa,https://instagram.com/expertconsultal,5.0,38,High,Staff/client compliance training portal: completion tracking and branded certificates for audits,New,
59,Najma Security & Safety Training,Corporate / certification,UAE,Abu Dhabi,+971 4 345 3780,najma@eim.ae,https://najmatrainings.com,,5.0,22,High,Staff/client compliance training portal: completion tracking and branded certificates for audits,New,
60,EPIC Training & Consultancy,Corporate / certification,Saudi Arabia,Riyadh,+966 56 427 7783,info@epicconsulting.co.uk,https://epicconsulting.co.uk,https://instagram.com/epic.trainings.c,5.0,22,High,Staff/client compliance training portal: completion tracking and branded certificates for audits,New,
61,Pulse Code,Online / tech academy,Saudi Arabia,Riyadh,+966 50 620 2080,contact@pulsecode.sa,https://pulsecode.sa,,5.0,14,High,White-label alternative: signed private playback + per-viewer,New,
62,Advanced Learning Company,Online / tech academy,Saudi Arabia,Riyadh,,help@advanced-learning.sa,https://advanced-learning.sa,https://instagram.com/alwplatform,4.7,13,High,White-label alternative: signed private playback + per-viewer watermark to protect paid content,New,
63,Network Walks Academy,Online / tech academy,UAE,Dubai,+971 52 811 0952,info@networkwalks.com,https://networkwalks.com,,5.0,12,High,White-label alternative: signed private playback + per-viewer watermark to protect paid content,New,
64,ADNOC Distribution Training Centre,Corporate / certification,UAE,Abu Dhabi,+971 800 300,info@adnocdistribution.ae,https://adnocdistribution.ae,https://instagram.com/adnocdistributic,4.5,10,High,Staff/client compliance training portal: completion tracking and branded certificates for audits,New,
65,GoCode Gulf,Online / tech academy,Qatar,Doha,+974 4432 5503,qcstem@thestudyplus.com,https://gocodegulf.com,https://instagram.com/gocodegulf,5.0,4,High,White-label alternative: signed private playback + per-viewer watermark to protect paid content,New,
66,Star - Human Capability Development,Corporate / certification,Saudi Arabia,Riyadh,+966 11 433 3380,info@star.sa,https://star.sa,https://instagram.com/starhcd,5.0,3,High,Staff/client compliance training portal: completion tracking and branded certificates for audits,New,
67,Rise Academy (online),Online / tech academy,Qatar,Doha,+20 10 40477048,risedu23@gmail.com,https://risedu.co,https://instagram.com/rise_academy23,,,High,White-label alternative: signed private playback + per-viewer watermark to protect paid content,New,
68,Najma HR & Safety Training,Corporate / certification,UAE,Dubai,+971 4 345 3780,,https://naimaconsultancy.com,,4.9,"4,160",Medium,Staff/client compliance training portal: completion tracking and branded certificates for audits,New,
69,Learners Point,Training centre,UAE,Dubai,+971 4 403 8000,,https://learnerspoint.org,,4.8,"2,390",Medium,"Replace WhatsApp/Drive video sharing: private courses, progress tracking, auto certificates (EN/AR RTL Ul)",New,
70,iEnglish Languages Institute,Language school,UAE,Abu Dhabi,+971 2 642 8833,,https://ienglishinstitute.ae,https://instagram.com/ienglishae,4.5,"1,468",Medium,"Self-paced video lessons per level, EN/AR interface, level- completion certificates",New,
71,Pro English Language Institute,Language school,UAE,Abu Dhabi,+971 2 552 3238,,https://proenglishuae.com,,4.8,973,Medium,"Self-paced video lessons per level, EN/AR interface, level- completion certificates",New,
72,Learnovate Training Center,Training centre,UAE,Dubai,+971 58 103 6887,,https://learnovateonecenter.com,https://instagram.com/learnovatetrain,4.8,891,Medium,"Replace WhatsApp/Drive video sharing: private courses, progress tracking, auto certificates (EN/AR RTL Ul)",New,
73,Bright Future Training Institute,Training centre,UAE,Dubai,+971 55 923 4565,,https://bftraining.ae,https://instagram.com/bftrainingae,4.7,764,Medium,"Replace WhatsApp/Drive video sharing: private courses,",New,
74,Berkeley Training & Educational Consultancy,Training centre,Qatar,Doha,+974 7788 0225,,https://berkeleyga.com,https://instagram.com/berkeley.gatar,4.9,435,Medium,"Replace WhatsApp/Drive video sharing: private courses, progress tracking, auto certificates (EN/AR RTL UI)",New,
75,Venture Gulf Training Center,Training centre,Qatar,Doha,+974 4460 2121,,https://vgtcq.com,,4.5,319,Medium,"Replace WhatsApp/Drive video sharing: private courses, progress tracking, auto certificates (EN/AR RTL UI)",New,
76,DISS Doha Industrial Safety Services,Corporate / certification,Qatar,Doha,+974 4466 6792,,https://diss.com.qa,,4.4,288,Medium,Staff/client compliance training portal: completion tracking and branded certificates for audits,New,
77,PMOBytes Training & Consultation,Training centre,Qatar,Doha,+974 6663 1814,,https://pmobytes.com,https://instagram.com/pmobytes,4.9,239,Medium,"Replace WhatsApp/Drive video sharing: private courses, progress tracking, auto certificates (EN/AR RTL UI)",New,
78,Eton Institute,Language school,UAE,Abu Dhabi,+971 2 449 9641,,https://etoninstitute.com,https://instagram.com/etoninstitute,4.1,188,Medium,"Self-paced video lessons per level, EN/AR interface, level- completion certificates",New,
79,Enjaz Languages Institute,Language school,Saudi Arabia,Riyadh,+966 9200 05552,,https://enjazedu.net,https://instagram.com/enjaz _ institute,4.2,180,Medium,"Self-paced video lessons per level, EN/AR interface, level- completion certificates",New,
80,Spark Institute of Education,Language school,UAE,Abu Dhabi,+971 2 882 6264,,https://sparkinstitute.ae,,4.7,173,Medium,"Self-paced video lessons per level, EN/AR interface, level- completion certificates",New,
81,The Polyglot Language Institute,Language school,UAE,Dubai,+971 4 222 3429,,https://polyglotdubai.com,,4.9,148,Medium,"Self-paced video lessons per level, EN/AR interface, level- completion certificates",New,
82,Blits Academy,Training centre,UAE,Dubai,+971 50 797 6664,,https://blitsacademy.com,,4.7,119,Medium,"Replace WhatsApp/Drive video sharing: private courses, progress tracking, auto certificates (EN/AR RTL UI)",New,
83,IHR Academy,Training centre,Saudi Arabia,Riyadh,+966 9200 00414,,https://ihracademy.com,https://instagram.com/ihr academy20 https://instagram.com/ihr academy2C,4.7,112,Medium,"Replace WhatsApp/Drive video sharing: private courses, progress tracking, auto certificates (EN/AR RTL UI) progress tracking, auto certificates (EN/AR RTL Ul)",New,
84,Noon Academy,Online / tech academy,Saudi Arabia,Riyadh,+966 9200 23711,,https://noon.edu.sa,https://instagram.com/noonedu,4.2,109,Medium,White-label alternative: signed private playback + per-viewer watermark to protect paid content,New,
85,Trimax HSE Training,Corporate / certification,UAE,Abu Dhabi,+971 2 440 3070,,https://trimax.ae,https://instagram.com/trimaxuae,4.9,107,Medium,Staff/client compliance training portal: completion tracking and ndad,New,
86,Fundfloat Trading Academy,Online / tech academy,UAE,Dubai,+971 50 452 3110,,https://fundfloat.ae,https://instagram.com/fundfloat,4.5,102,Medium,White-label alternative: signed private playback + per-viewer watermark to protect paid content,New,
87,Albyan Institute Abu Dhabi,Training centre,UAE,Abu Dhabi,+971 56 900 1020,,https://albyaninstitute.com,,4.6,98,Medium,"Replace WhatsApp/Drive video sharing: private courses, progress tracking, auto certificates (EN/AR RTL UI)",New,
88,Dynatech Projects & Training Centre,Corporate / certification,Qatar,Doha,+974 5112 9988,,https://dynatechqatar.com,https://instagram.com/dynatechgatar,4.9,90,Medium,Staff/client compliance training portal: completion tracking and branded certificates for audits,New,
89,Time Master Skills Development Center,Language school,UAE,Abu Dhabi,+971 2 553 0100,info@timemaster.ae,https://timemaster.ae,https://instagram.com/timemasteruae,4.8,88,Medium,"Self-paced video lessons per level, EN/AR interface, level- completion certificates",New,
90,Institut francais du Qatar,Language school,Qatar,Doha,+974 4493 0862,info@if-qatar.com,https://if-qatar.com,https://instagram.com/if _gatar,4.4,81,Medium,"Self-paced video lessons per level, EN/AR interface, level- completion certificates",New,
91,Al Omran Training & Development,Training centre,UAE,Abu Dhabi,+971 56 659 9919,alomran.td@gmail.com,https://alomrantd.com,https://instagram.com/alomran.td,4.4,76,Medium,"Replace WhatsApp/Drive video sharing: private courses, progress tracking, auto certificates (EN/AR RTL Ul)",New,
92,Athar Academy for Training,Training centre,UAE,Abu Dhabi,+971 56 403 1691,info@athartd.com,https://athartd.com,https://instagram.com/atharinfo.ae,4.9,74,Medium,"Replace WhatsApp/Drive video sharing: private courses, progress tracking, auto certificates (EN/AR RTL UI)",New,
93,Berlitz Language Center Qatar,Language school,Qatar,Doha,+974 4455 0506,,https://berlitz-qatar.com,https://instagram.com/berlitzqatar,4.1,74,Medium,"Self-paced video lessons per level, EN/AR interface, level- completion certificates",New,
94,Stanford Education & Training,Training centre,UAE,Dubai,+971 52 603 9790,info@standfordae.com,https://standfordae.com,https://instagram.com/standfordtrainir,4.9,60,Medium,"Replace WhatsApp/Drive video sharing: private courses, progress tracking, auto certificates (EN/AR RTL UI)",New,
95,Berlitz Language Center Khalifa City,Language school,UAE,Abu Dhabi,+971 2 556 7803,ad3rcp@berlitz-uae.com,https://berlitz.com,https://instagram.com/berlitz uae,4.1,6060,Medium,"Self-paced video lessons per level, EN/AR interface, level- completion certificates",New,
96,Zid Academy,Online / tech academy,Saudi Arabia,Riyadh,+966 55 859 0050,,https://zid.sa,https://instagram.com/zidappcom,2.7,59,Medium,White-label alternative: signed private playback + per-viewer watermark to protect paid content,New,
97,Leaders Education Centre,Training centre,Qatar,Doha,+974 7770 6704,info@leaders.qa,https://leadersedu.qa,https://instagram.com/leaderseducati,4.8,51,Medium,"Replace WhatsApp/Drive video sharing: private courses,",New,
98,Native English Saudi Arabia,Language school,Saudi Arabia,Riyadh,+966 56 788 6793,contact@nativeenglishsaudiarabia.com,https://nativeenglishsaudiarabia.com,,4.7,50,Medium,"Self-paced video lessons per level, EN/AR interface, level- completion certificates",New,
99,Rukn Alkhaleej Training Center,Corporate / certification,Saudi Arabia,Riyadh,+966 55 111 0838,,https://ruknalkhalij.com,,4.7,46,Medium,Staff/client compliance training portal: completion tracking and branded certificates for audits,New,
100,UpTrack Training,Training centre,UAE,Dubai,+971 4 297 9553,info@uptracktraining.com,https://uptracktraining.com,https://instagram.com/uptrack.traininc,4.8,44,Medium,"Replace WhatsApp/Drive video sharing: private courses, progress tracking, auto certificates (EN/AR RTL UI)",New,
101,UpLearn Education Center,Training centre,Qatar,Doha,+974 5065 6051,,https://uplqatar.com,,4.6,38,Medium,"Replace WhatsApp/Drive video sharing: private courses, progress tracking, auto certificates (EN/AR RTL UI)",New,
102,Sakir Myna,Training centre,Qatar,Doha,+974 7776 0849,info@sakirmyna.com,https://sakirmyna.com,https://instagram.com/sakirmynaa,4.8,35,Medium,"Replace WhatsApp/Drive video sharing: private courses, progress tracking, auto certificates (EN/AR RTL Ul)",New,
103,W3 Solutionz,Training centre,UAE,Abu Dhabi,+971 2 665 5093,,https://w3solutionz.com,,4.6,33,Medium,"Replace WhatsApp/Drive video sharing: private courses, progress tracking, auto certificates (EN/AR RTL UI)",New,
104,Beat Educations,Training centre,UAE,Abu Dhabi,+971 55 428 3773,,https://beateducations.ae,,4.8,32,Medium,"Replace WhatsApp/Drive video sharing: private courses, progress tracking, auto certificates (EN/AR RTL UI)",New,
105,Duke Training Institute,Training centre,UAE,Abu Dhabi,+971 2 676 6494,dukeuae@eim.ae,https://dukeuae.com,https://instagram.com/duketrainingcel,4.3,31,Medium,"Replace WhatsApp/Drive video sharing: private courses, progress tracking, auto certificates (EN/AR RTL UI)",New,
106,Growing Minds Academy Riyadh,Language school,Saudi Arabia,Riyadh,+966 54 819 5951,info@growingmindsriyadh.com,https://growingmindsriyadh.com,https://instagram.com/gma_ riyadh,4.3,31,Medium,"Self-paced video lessons per level, EN/AR interface, level- completion certificates",New,
107,Excellence Languages Centre,Language school,Qatar,Doha,+974 4436 0225,info@excellence.qa,https://excellence.qa,https://instagram.com/excellence doh,4.7,3030,Medium,"Self-paced video lessons per level, EN/AR interface, level- completion certificates",New,
108,Knowledge Hub,Training centre,UAE,Dubai,+971 4 385 6650,info@knowledge-hub.com,https://knowledge-hub.com,https://instagram.com/theknowledgeh,4.4,29,Medium,"Replace WhatsApp/Drive video sharing: private courses, progress tracking, auto certificates (EN/AR RTL UI) progress tracking, auto certificates (EN/AR RTL Ul)",New,
109,DEWA Campus (Occupational & Academic Dev.),Public institution,UAE,Dubai,+971 4 601 9999,customercare@dewa.gov.ae,https://dewa.gov.ae,https://instagram.com/dewaofficial,4.8,28,Medium,Branded e-learning portal with admin analytics and category nartifinatac certificates,New,
110,ACTVET (Abu Dhabi TVET Centre),Public institution,UAE,Abu Dhabi,+971 2 613 2000,care@actvet.gov.ae,https://lactvet.gov.ae,https://instagram.com/actvetuae,4.3,27,Medium,Branded e-learning portal with admin analytics and category certificates,New,
111,Diriyah Health & Safety Academy,Corporate / certification,Saudi Arabia,Riyadh,+966 11 829 4899,,https://diriyahcompany.sa,https://instagram.com/diriyahco,4.5,27,Medium,Staff/client compliance training portal: completion tracking and branded certificates for audits,New,
112,JoTalks Language Training,Language school,UAE,Dubai,+971 54 761 8818,,https://jotalks.org,,3.8,26,Medium,"Self-paced video lessons per level, EN/AR interface, level- completion certificates",New,
113,The Legends Institute,Training centre,UAE,Dubai,+971 58 594 4249,management@legendsdxb.com,https://legendsdxb.com,https://instagram.com/thelegendsdxb,5.0,25,Medium,"Replace WhatsApp/Drive video sharing: private courses, progress tracking, auto certificates (EN/AR RTL UI)",New,
114,Trainstem Computer Training Center,Training centre,Qatar,Doha,+974 5510 0935,,https://trainstem.com,,4.5,24,Medium,"Replace WhatsApp/Drive video sharing: private courses, progress tracking, auto certificates (EN/AR RTL Ul)",New,
115,IntelliGence Training Center,Training centre,Saudi Arabia,Riyadh,+966 53 601 7420,,https://genceco.com,,4.3,23,Medium,"Replace WhatsApp/Drive video sharing: private courses, progress tracking, auto certificates (EN/AR RTL UI)",New,
116,EduGuide English Language Institute,Language school,Saudi Arabia,Riyadh,+966 53 009 9491,admin@eduguide-sa.com,https://eduguide-sa.com,,3.9,22,Medium,"Self-paced video lessons per level, EN/AR interface, level- completion certificates",New,
117,Amourion Training Institute,Training centre,Qatar,Doha,+974 7771 2180,qatar@amouriongroup.com,https://amourion.qga,https://instagram.com/amourion gata,4.8,21,Medium,"Replace WhatsApp/Drive video sharing: private courses, progress tracking, auto certificates (EN/AR RTL Ul)",New,
118,Istiqama Academy (remote Quran),Online / tech academy,Saudi Arabia,Riyadh,+966 50 414 9023,,https://istiqamaacademy.net,,4.6,19,Medium,White-label alternative: signed private playback + per-viewer watermark to protect paid content,New,
119,Arabian Academy,Training centre,Saudi Arabia,Riyadh,+966 55 901 4517,,https://arabianacademy.sa,,4.5,18,Medium,"Replace WhatsApp/Drive video sharing: private courses, progress tracking, auto certificates (EN/AR RTL UI) progress tracking, auto certificates (EN/AR RTL Ul)",New,
120,Aims Training Center,Training centre,UAE,Abu Dhabi,+971 2 666 4920,musaffah@aimsentrance.com,https://aimsentrance.com,https://instagram.com/aimsfuturelead,4.8,17,Medium,"Replace WhatsApp/Drive video sharing: private courses, progress tracking, auto certificates (EN/AR RTL Ul)",New,
121,Ertyad Training Company,Corporate / certification,Saudi Arabia,Riyadh,+966 9200 09267,,https://ertyad.com https:///ertyad.com,https://instagram.com/ertyad training,4.8,13,Medium,Staff/client compliance training portal: completion tracking and andad,New,
122,Hangul Nihongo Language Center,Language school,Qatar,Doha,+974 3146 3000,,https://hangulnihongoga.com,,5.0,12,Medium,"Self-paced video lessons per level, EN/AR interface, level- completion certificates",New,
123,PowerX Training Center,Training centre,Qatar,Doha,+974 7779 3344,admin@powerxelect.com,https://powerxelect.com,,4.8,11,Medium,"Replace WhatsApp/Drive video sharing: private courses, progress tracking, auto certificates (EN/AR RTL Ul)",New,
124,AMA Business Coaching,Corporate / certification,Saudi Arabia,Riyadh,+966 55 514 4965,,https://amacoaching.org,,5.0,11,Medium,Staff/client compliance training portal: completion tracking and branded certificates for audits,New,
125,Henry Harvin Academy,Online / tech academy,Saudi Arabia,Riyadh,+966 57 068 6029,,https://henryharvin.com,https://instagram.com/henry_ harvin_ e,4.3,11,Medium,White-label alternative: signed private playback + per-viewer watermark to protect paid content,New,
126,Certiqo,Corporate / certification,Qatar,Doha,+974 3358 1415,,https://certi-qo.com,,4.7,10,Medium,Staff/client compliance training portal: completion tracking and branded certificates for audits,New,
127,Al Arkkan Specialized Training,Training centre,Saudi Arabia,Riyadh,,info@alarkkan.net,https://alarkkan.net,,4.8,10,Medium,"Replace WhatsApp/Drive video sharing: private courses, progress tracking, auto certificates (EN/AR RTL Ul)",New,
128,Lanstitut Dubai,Training centre,UAE,Dubai,+971 52 614 2536,admin@lanstitut.com,https://lanstitut.com,https://instagram.com/lanstitut.kerala,4.9,9,Medium,"Replace WhatsApp/Drive video sharing: private courses, progress tracking, auto certificates (EN/AR RTL UI)",New,
129,Native English Qatar,Language school,Qatar,Doha,+974 5599 0803,contact@nativeenglishqatar.com,https://nativeenglishgatar.com,,5.0,9,Medium,"Self-paced video lessons per level, EN/AR interface, level- completion certificates",New,
130,Arx International Training Institute,Training centre,Saudi Arabia,Riyadh,+966 53 116 9000,info@arx.sa,https://arx.sa,,,6,Medium,"Replace WhatsApp/Drive video sharing: private courses, progress tracking, auto certificates (EN/AR RTL UI)",New,
131,Ya Hala Academy,Training centre,Saudi Arabia,Riyadh,+966 50 697 4479,,https://ya-hala.com,,4.6,55,Medium,"Replace WhatsApp/Drive video sharing: private courses, progress tracking, auto certificates (EN/AR RTL UI) progress tracking, auto certificates (EN/AR RTL Ul)",New,
132,Zone Loop Al Academia,Online / tech academy,Saudi Arabia,Riyadh,+966 58 327 0879,,https://zoneloopaiacademia.com,,5.0,5,Medium,White-label alternative: signed private playback + per-viewer watermark to protect paid content,New,
133,Hamad International Training Center,Public institution,Qatar,Doha,,tadreeb@hamad.qa,https://tadreeb.hamad.ga https:///tadreeb.hamad.qa,,4.0,4,Medium,Branded e-learning portal with admin analytics and category nartifinatac certificates,New,
134,LinguaPlus Qatar,Language school,Qatar,Doha,+974 4413 1260,,https://mylinguaplus.com,,5.0,2,Medium,"Self-paced video lessons per level, EN/AR interface, level- completion certificates",New,
135,Global Excel Training Institute,Training centre,UAE,Abu Dhabi,+971 52 346 9969,info@annamalaiuae.com,https://annamalaiuae.com,,4.0,1,Medium,"Replace WhatsApp/Drive video sharing: private courses, progress tracking, auto certificates (EN/AR RTL Ul)",New,
136,Rowad Alghad Institute,Training centre,Saudi Arabia,Riyadh,+966 53 808 7772,,https://rowadalghad.com,https://instagram.com/rowadalghadins,5.0,1,Medium,"Replace WhatsApp/Drive video sharing: private courses, progress tracking, auto certificates (EN/AR RTL UI)",New,
137,3A Training & Competency Development,Corporate / certification,UAE,Abu Dhabi,+971 50 311 4316,,https://3atraining-co.com,,,,Medium,Staff/client compliance training portal: completion tracking and branded certificates for audits,New,
138,SEA Training Institute,Training centre,Saudi Arabia,Riyadh,,info@seatraining.org,https://seatraining.org,,,,Medium,"Replace WhatsApp/Drive video sharing: private courses, progress tracking, auto certificates (EN/AR RTL Ul)",New,
139,Enertech Qatar Safety Training,Corporate / certification,Qatar,Doha,+974 4401 0888,,,,4.5,748,Low,Staff/client compliance training portal: completion tracking and branded certificates for audits,New,
140,Fahad Training Center for Baladia,Corporate / certification,Saudi Arabia,Riyadh,+966 55 219 4377,,,,4.9,373,Low,Staff/client compliance training portal: completion tracking and branded certificates for audits,New,
141,Zigma Quality Training Center,Training centre,UAE,Dubai,+971 50 762 4430,,,,5.0,149,Low,"Replace WhatsApp/Drive video sharing: private courses, progress tracking, auto certificates (EN/AR RTL Ul)",New,
142,Unlimited Language Training Institute,Language school,UAE,Abu Dhabi,+971 56 190 9066,,,,5.0,106,Low,"Self-paced video lessons per level, EN/AR interface, level- completion certificates",New,
143,Al Musanada Training Center,Training centre,Saudi Arabia,Riyadh,+966 55 633 9393,,,,4.8,85,Low,"Replace WhatsApp/Drive video sharing: private courses, progress tracking, auto certificates (EN/AR RTL Ul)",New,
144,academy from stc,Corporate / certification,Saudi Arabia,Riyadh,,,,,4.5,42,Low,Staff/client compliance training portal: completion tracking and branded certificates for audits,New,
145,Infonet Institute Dubai,Training centre,UAE,Dubai,+971 4 334 8140,,,,4.0,41,Low,"Replace WhatsApp/Drive video sharing: private courses,",New,
146,Professional Learning Centre (PLC),Training centre,Qatar,Doha,+974 5035 7333,,,,4.5,40,Low,"Replace WhatsApp/Drive video sharing: private courses, progress tracking, auto certificates (EN/AR RTL Ul)",New,
147,ECOSAFE Training & Consultancy,Corporate / certification,UAE,Abu Dhabi,+971 2 621 0033,,,,4.2,39,Low,Staff/client compliance training portal: completion tracking and branded certificates for audits,New,
148,Mutlaq Medical Training Center,Training centre,Saudi Arabia,Riyadh,+966 53 980 4074,,,,5.0,34,Low,"Replace WhatsApp/Drive video sharing: private courses, progress tracking, auto certificates (EN/AR RTL UI)",New,
149,Al Manara Institute for Training,Training centre,UAE,Abu Dhabi,+971 55 427 2958,,,,4.9,33,Low,"Replace WhatsApp/Drive video sharing: private courses, progress tracking, auto certificates (EN/AR RTL UI)",New,
150,Qatar Arabic Language Centre,Language school,Qatar,Doha,+974 3151 2950,,,,,21,Low,"Self-paced video lessons per level, EN/AR interface, level- completion certificates",New,
151,Nahw Al-Najah Training Center,Training centre,Saudi Arabia,Riyadh,+966 56 983 3849,,,,3.8,16,Low,"Replace WhatsApp/Drive video sharing: private courses, progress tracking, auto certificates (EN/AR RTL UI)",New,
152,AI Suwaidi CAD & BIM Training,Training centre,UAE,Dubai,+971 55 473 0313,,,,5.0,14,Low,"Replace WhatsApp/Drive video sharing: private courses, progress tracking, auto certificates (EN/AR RTL UI)",New,
153,BlackCode IT Trainings,Training centre,UAE,Dubai,+971 4 385 9854,,,,4.9,13,Low,"Replace WhatsApp/Drive video sharing: private courses, progress tracking, auto certificates (EN/AR RTL Ul)",New,
154,Professional Courses Doha,Training centre,Qatar,Doha,+974 6616 3588,,,,4.6,11,Low,"Replace WhatsApp/Drive video sharing: private courses, progress tracking, auto certificates (EN/AR RTL UI)",New,
155,Smart Start Training Centre,Training centre,UAE,Abu Dhabi,+971 50 355 6102,,,,4.7,7,Low,"Replace WhatsApp/Drive video sharing: private courses, progress tracking, auto certificates (EN/AR RTL Ul) progress tracking, auto certificates (EN/AR RTL UI)",New,
156,Cambridge Languages Centre,Language school,Qatar,Doha,+974 4492 9670,,,,3.3,7,Low,"Self-paced video lessons per level, EN/AR interface, level- completion certificates",New,
157,BritishCenter Dubai,Language school,UAE,Dubai,+971 6 534 2270,,,,5.0,6,Low,"Self-paced video lessons per level, EN/AR interface, level-",New,
158,Qatar Intl Security Training Academy,Training centre,Qatar,Doha,+974 5549 6351,,,,3.8,6,Low,"Replace WhatsApp/Drive video sharing: private courses, progress tracking, auto certificates (EN/AR RTL Ul)",New,
159,Maximus Academy,Training centre,Saudi Arabia,Riyadh,+966 9200 31313,,,,4.0,5,Low,"Replace WhatsApp/Drive video sharing: private courses, progress tracking, auto certificates (EN/AR RTL UI)",New,
160,Employee Development Center,Corporate / certification,Qatar,Doha,+974 3131 5613,,,,,,Low,Staff/client compliance training portal: completion tracking and branded certificates for audits,New,
161,Westbay Training,Corporate / certification,Qatar,Doha,+974 4437 4303,,,,,,Low,Staff/client compliance training portal: completion tracking and branded certificates for audits,New,
