n,organisation,segment,country,city,phone,email,website,instagram,rating,reviews,priority,archetype,pitch_angle,status,notes
1,Edstellar,Corporate / certification,Kuwait,Kuwait City,,contact@edstellar.com,https://edstellar.com,,,,High,C,"Staff/client compliance training portal: completion tracking, branded certificates",New,Global corporate training provider with Kuwait coverage
2,Akbar Training Center WLL,Corporate / certification,Bahrain,Manama,,info@akbartrainingcenter.bh,https://akbartrainingcenter.bh,,,,High,C,"Staff/client compliance training portal: completion tracking, branded certificates",New,IATA Authorized Training Center
3,Outward Bound Oman,Corporate / certification,Oman,Muscat,+968 2453 9788,enquiry@outwardboundoman.com,https://outwardboundoman.com,,,,High,C,"Staff/client compliance training portal: completion tracking, branded certificates",New,"Corporate/leadership programmes; 16,000+ participants"
4,Australian University – Corporate Training,Public institution,Kuwait,Kuwait City,+965 1828225 ext 4126,corporate@au.edu.kw,https://au.edu.kw/corporate-training,,,,Medium,E,Branded e-learning portal with admin analytics and category certificates,New,275+ professional programmes; since 2009
5,Edoxi Training Institute (Kuwait),Training centre,Kuwait,Kuwait City,,info@edoxi.com,https://edoxi.com,,,,Medium,A,"Replace WhatsApp/Drive video sharing: private courses, progress tracking, auto certificates (EN/AR RTL UI)",New,"Branch of Dubai/Doha group; B8 Tower, Ahmad Al Jaber St"
6,Bahrain Institute of Banking & Finance (BIBF),Public institution,Bahrain,Manama,+973 1781 5555,,https://bibf.com,,,,Medium,E,Branded e-learning portal with admin analytics and category certificates,New,"Semi-governmental, est. 1981; corporate + professional programmes"
7,Level Up Training Center,Corporate / certification,Bahrain,Manama,+973 1666 6222,,https://levelup.bh,,,,Medium,C,"Staff/client compliance training portal: completion tracking, branded certificates",New,"Executive training: finance, compliance, tax; email on site"
8,EuroMaTech,Corporate / certification,Bahrain,Manama,,,https://euromatech.com,,,,Medium,C,"Staff/client compliance training portal: completion tracking, branded certificates",New,ISO/OHS/management courses; regional multi-country provider
9,Al Albab Institute,Training centre,Oman,Muscat,+968 2427 4775 / 9971 3524,alalbabinst@gmail.com,,,,,Medium,A,"Replace WhatsApp/Drive video sharing: private courses, progress tracking, auto certificates (EN/AR RTL UI)",New,IC3 certification centre
10,Al Ayamin Training & Development Institute,Training centre,Oman,Sohar,+968 9887 708 / 9921 3401,ayamin_instit@yahoo.com,,,,,Medium,A,"Replace WhatsApp/Drive video sharing: private courses, progress tracking, auto certificates (EN/AR RTL UI)",New,
11,Al Buraimi University College – Training Institute,Public institution,Oman,Al Buraimi,+968 9955 0524,aalkaabi@buc.edu.om,,,,,Medium,E,Branded e-learning portal with admin analytics and category certificates,New,
12,Oman Airports Learning & Development Center,Corporate / certification,Oman,Muscat,+968 2435 2006,,iata.org (RTP page),,,,Medium,C,"Staff/client compliance training portal: completion tracking, branded certificates",New,IATA Regional Training Partner
13,Agile Leaders Training Center,Corporate / certification,Oman,Muscat,,,https://agile4training.com,,,,Medium,C,"Staff/client compliance training portal: completion tracking, branded certificates",New,Professional courses in Muscat
14,Polyglot Institute,Language school,Oman,Muscat,,,https://pi.om,,,,Medium,B,"Self-paced video lessons per level, EN/AR interface, level-completion certificates",New,
15,ThinkSmart for Development and Training,Training centre,Kuwait,Kuwait City,,,,,,,Low,A,"Replace WhatsApp/Drive video sharing: private courses, progress tracking, auto certificates (EN/AR RTL UI)",New,"ICT training (Microsoft/AWS partner); Shayma Tower, Murgab; ~60 staff"
16,High Studies Institute,Training centre,Kuwait,Mirqab,,,,,,,Low,A,"Replace WhatsApp/Drive video sharing: private courses, progress tracking, auto certificates (EN/AR RTL UI)",New,Oldest private training institute in Kuwait (1962); diploma courses
17,Eurotech Training & Consulting,Corporate / certification,Kuwait,Kuwait City,,,,,,,Low,C,"Staff/client compliance training portal: completion tracking, branded certificates",New,Oil & gas sector training; find contact
18,NobleProg Kuwait,Corporate / certification,Kuwait,Kuwait City,,,,,,,Low,C,"Staff/client compliance training portal: completion tracking, branded certificates",New,"AI, cloud and cybersecurity training; find contact"
19,Al Nada Training Centre,Training centre,Bahrain,Manama,,,,,,,Low,A,"Replace WhatsApp/Drive video sharing: private courses, progress tracking, auto certificates (EN/AR RTL UI)",New,"Bahrain Financial Harbour; ACCA, IT, leadership; find contact"
20,Al Mashreq Training,Training centre,Bahrain,Manama (Seef),+973 1714 0144,,,,,,Low,A,"Replace WhatsApp/Drive video sharing: private courses, progress tracking, auto certificates (EN/AR RTL UI)",New,"Est. 2000; HSE, English, business, IT; branch in Dubai"
21,Berlitz Bahrain,Language school,Bahrain,Manama,,,,,,,Low,B,"Self-paced video lessons per level, EN/AR interface, level-completion certificates",New,Language school; find contact
22,AJYAL HR Solutions and Services,Corporate / certification,Oman,Muscat,+968 9148 0042,,,,,,Low,C,"Staff/client compliance training portal: completion tracking, branded certificates",New,ESB/Meta certification centre
23,Occupational Training Institute,Training centre,Oman,Muscat,,,,,4.3,63,Low,A,"Replace WhatsApp/Drive video sharing: private courses, progress tracking, auto certificates (EN/AR RTL UI)",New,Find contact
24,Iqra Institute for Languages & Training,Language school,Oman,Sohar,,,,,,,Low,B,"Self-paced video lessons per level, EN/AR interface, level-completion certificates",New,
25,Hawthorn Academy (Muscat ELC),Language school,Oman,Muscat,,,,,,,Low,B,"Self-paced video lessons per level, EN/AR interface, level-completion certificates",New,
26,Al Nahda Training Institute,Training centre,Oman,Muscat,,,,,,,Low,A,"Replace WhatsApp/Drive video sharing: private courses, progress tracking, auto certificates (EN/AR RTL UI)",New,Find contact
27,Rwaq Training Institute,Training centre,Oman,Muscat,,,,,,,Low,A,"Replace WhatsApp/Drive video sharing: private courses, progress tracking, auto certificates (EN/AR RTL UI)",New,Find contact
28,Technical & Administrative Training Institute (TATI),Training centre,Oman,Muscat,,,,,,,Low,A,"Replace WhatsApp/Drive video sharing: private courses, progress tracking, auto certificates (EN/AR RTL UI)",New,Find contact
29,Training & Development Institute (TDI),Training centre,Oman,Muscat,,,,,,,Low,A,"Replace WhatsApp/Drive video sharing: private courses, progress tracking, auto certificates (EN/AR RTL UI)",New,Find contact
30,Oasis Institute for Training & Development,Training centre,Oman,Muscat,,,,,,,Low,A,"Replace WhatsApp/Drive video sharing: private courses, progress tracking, auto certificates (EN/AR RTL UI)",New,Find contact
31,Middle East Institute for Advanced Training,Training centre,Oman,Muscat,,,,,,,Low,A,"Replace WhatsApp/Drive video sharing: private courses, progress tracking, auto certificates (EN/AR RTL UI)",New,Find contact
32,Trust Academy for Training & Consulting,Corporate / certification,Oman,Muscat,,,,,,,Low,C,"Staff/client compliance training portal: completion tracking, branded certificates",New,Find contact
33,Jahez Academy for Training & Development,Training centre,Oman,Muscat,,,,,,,Low,A,"Replace WhatsApp/Drive video sharing: private courses, progress tracking, auto certificates (EN/AR RTL UI)",New,Find contact
34,Raysut Academy for Vocational Training,Training centre,Oman,Muscat,,,,,,,Low,A,"Replace WhatsApp/Drive video sharing: private courses, progress tracking, auto certificates (EN/AR RTL UI)",New,Find contact
